 { "layout": [ 
{
  "piece": "pawn", "points": 1, "first_move": true, "color": "white", "col": 7, "row": 1, "moves": [{ "x": 0, "y": 1} ], "attack_moves": [{ "x": -1, "y": 1},{ "x": 1, "y": 1} ], "first_moves": [{ "x": 0, "y": 2},{ "x": 0, "y": 1} ], "replace_zone": [{ "x": 7, "y": 8},{ "x": 6, "y": 8},{ "x": 5, "y": 8},{ "x": 4, "y": 8},{ "x": 3, "y": 8},{ "x": 2, "y": 8},{ "x": 1, "y": 8},{ "x": 0, "y": 8} ], "replace_with": [{ "piece": "pawn"},{ "piece": "knight"},{ "piece": "rook"},{ "piece": "bishop"},{ "piece": "queen"} ] },
{
  "piece": "pawn", "points": 1, "first_move": true, "color": "white", "col": 6, "row": 1, "moves": [{ "x": 0, "y": 1} ], "attack_moves": [{ "x": -1, "y": 1},{ "x": 1, "y": 1} ], "first_moves": [{ "x": 0, "y": 2},{ "x": 0, "y": 1} ], "replace_zone": [{ "x": 7, "y": 8},{ "x": 6, "y": 8},{ "x": 5, "y": 8},{ "x": 4, "y": 8},{ "x": 3, "y": 8},{ "x": 2, "y": 8},{ "x": 1, "y": 8},{ "x": 0, "y": 8} ], "replace_with": [{ "piece": "pawn"},{ "piece": "knight"},{ "piece": "rook"},{ "piece": "bishop"},{ "piece": "queen"} ] },
{
  "piece": "pawn", "points": 1, "first_move": true, "color": "white", "col": 5, "row": 1, "moves": [{ "x": 0, "y": 1} ], "attack_moves": [{ "x": -1, "y": 1},{ "x": 1, "y": 1} ], "first_moves": [{ "x": 0, "y": 2},{ "x": 0, "y": 1} ], "replace_zone": [{ "x": 7, "y": 8},{ "x": 6, "y": 8},{ "x": 5, "y": 8},{ "x": 4, "y": 8},{ "x": 3, "y": 8},{ "x": 2, "y": 8},{ "x": 1, "y": 8},{ "x": 0, "y": 8} ], "replace_with": [{ "piece": "pawn"},{ "piece": "knight"},{ "piece": "rook"},{ "piece": "bishop"},{ "piece": "queen"} ] },
{
  "piece": "pawn", "points": 1, "first_move": true, "color": "white", "col": 4, "row": 1, "moves": [{ "x": 0, "y": 1} ], "attack_moves": [{ "x": -1, "y": 1},{ "x": 1, "y": 1} ], "first_moves": [{ "x": 0, "y": 2},{ "x": 0, "y": 1} ], "replace_zone": [{ "x": 7, "y": 8},{ "x": 6, "y": 8},{ "x": 5, "y": 8},{ "x": 4, "y": 8},{ "x": 3, "y": 8},{ "x": 2, "y": 8},{ "x": 1, "y": 8},{ "x": 0, "y": 8} ], "replace_with": [{ "piece": "pawn"},{ "piece": "knight"},{ "piece": "rook"},{ "piece": "bishop"},{ "piece": "queen"} ] },
{
  "piece": "pawn", "points": 1, "first_move": true, "color": "white", "col": 3, "row": 1, "moves": [{ "x": 0, "y": 1} ], "attack_moves": [{ "x": -1, "y": 1},{ "x": 1, "y": 1} ], "first_moves": [{ "x": 0, "y": 2},{ "x": 0, "y": 1} ], "replace_zone": [{ "x": 7, "y": 8},{ "x": 6, "y": 8},{ "x": 5, "y": 8},{ "x": 4, "y": 8},{ "x": 3, "y": 8},{ "x": 2, "y": 8},{ "x": 1, "y": 8},{ "x": 0, "y": 8} ], "replace_with": [{ "piece": "pawn"},{ "piece": "knight"},{ "piece": "rook"},{ "piece": "bishop"},{ "piece": "queen"} ] },
{
  "piece": "pawn", "points": 1, "first_move": true, "color": "white", "col": 2, "row": 1, "moves": [{ "x": 0, "y": 1} ], "attack_moves": [{ "x": -1, "y": 1},{ "x": 1, "y": 1} ], "first_moves": [{ "x": 0, "y": 2},{ "x": 0, "y": 1} ], "replace_zone": [{ "x": 7, "y": 8},{ "x": 6, "y": 8},{ "x": 5, "y": 8},{ "x": 4, "y": 8},{ "x": 3, "y": 8},{ "x": 2, "y": 8},{ "x": 1, "y": 8},{ "x": 0, "y": 8} ], "replace_with": [{ "piece": "pawn"},{ "piece": "knight"},{ "piece": "rook"},{ "piece": "bishop"},{ "piece": "queen"} ] },
{
  "piece": "pawn", "points": 1, "first_move": true, "color": "white", "col": 1, "row": 1, "moves": [{ "x": 0, "y": 1} ], "attack_moves": [{ "x": -1, "y": 1},{ "x": 1, "y": 1} ], "first_moves": [{ "x": 0, "y": 2},{ "x": 0, "y": 1} ], "replace_zone": [{ "x": 7, "y": 8},{ "x": 6, "y": 8},{ "x": 5, "y": 8},{ "x": 4, "y": 8},{ "x": 3, "y": 8},{ "x": 2, "y": 8},{ "x": 1, "y": 8},{ "x": 0, "y": 8} ], "replace_with": [{ "piece": "pawn"},{ "piece": "knight"},{ "piece": "rook"},{ "piece": "bishop"},{ "piece": "queen"} ] },
{
  "piece": "pawn", "points": 1, "first_move": false, "color": "white", "col": 0, "row": 3, "moves": [{ "x": 0, "y": 1} ], "attack_moves": [{ "x": -1, "y": 1},{ "x": 1, "y": 1} ], "first_moves": [{ "x": 0, "y": 2},{ "x": 0, "y": 1} ], "replace_zone": [{ "x": 7, "y": 8},{ "x": 6, "y": 8},{ "x": 5, "y": 8},{ "x": 4, "y": 8},{ "x": 3, "y": 8},{ "x": 2, "y": 8},{ "x": 1, "y": 8},{ "x": 0, "y": 8} ], "replace_with": [{ "piece": "pawn"},{ "piece": "knight"},{ "piece": "rook"},{ "piece": "bishop"},{ "piece": "queen"} ] },
{
  "piece": "rook", "points": 5, "first_move": true, "color": "white", "col": 7, "row": 0, "moves": [{ "x": 0, "y": -7},{ "x": 0, "y": -6},{ "x": 0, "y": -5},{ "x": 0, "y": -4},{ "x": 0, "y": -3},{ "x": 0, "y": -2},{ "x": 0, "y": -1},{ "x": 0, "y": 7},{ "x": 0, "y": 6},{ "x": 0, "y": 5},{ "x": 0, "y": 4},{ "x": 0, "y": 3},{ "x": 0, "y": 2},{ "x": 0, "y": 1},{ "x": -7, "y": 0},{ "x": -6, "y": 0},{ "x": -5, "y": 0},{ "x": -4, "y": 0},{ "x": -3, "y": 0},{ "x": -2, "y": 0},{ "x": -1, "y": 0},{ "x": 7, "y": 0},{ "x": 6, "y": 0},{ "x": 5, "y": 0},{ "x": 4, "y": 0},{ "x": 3, "y": 0},{ "x": 2, "y": 0},{ "x": 1, "y": 0} ] },
{
  "piece": "knight", "points": 3, "first_move": true, "color": "white", "col": 6, "row": 0, "moves": [{ "x": 2, "y": -1},{ "x": 1, "y": -2},{ "x": -1, "y": -2},{ "x": -2, "y": -1},{ "x": -2, "y": 1},{ "x": -1, "y": 2},{ "x": 1, "y": 2},{ "x": 2, "y": 1} ] },
{
  "piece": "bishop", "points": 3, "first_move": true, "color": "white", "col": 5, "row": 0, "moves": [{ "x": -7, "y": 7},{ "x": -6, "y": 6},{ "x": -5, "y": 5},{ "x": -4, "y": 4},{ "x": -3, "y": 3},{ "x": -2, "y": 2},{ "x": -1, "y": 1},{ "x": 7, "y": -7},{ "x": 6, "y": -6},{ "x": 5, "y": -5},{ "x": 4, "y": -4},{ "x": 3, "y": -3},{ "x": 2, "y": -2},{ "x": 1, "y": -1},{ "x": -7, "y": -7},{ "x": -6, "y": -6},{ "x": -5, "y": -5},{ "x": -4, "y": -4},{ "x": -3, "y": -3},{ "x": -2, "y": -2},{ "x": -1, "y": -1},{ "x": 7, "y": 7},{ "x": 6, "y": 6},{ "x": 5, "y": 5},{ "x": 4, "y": 4},{ "x": 3, "y": 3},{ "x": 2, "y": 2},{ "x": 1, "y": 1} ] },
{
  "piece": "king", "points": 100, "first_move": true, "color": "white", "col": 3, "row": 0, "moves": [{ "x": 1, "y": -1},{ "x": 0, "y": -1},{ "x": -1, "y": -1},{ "x": -1, "y": 0},{ "x": -1, "y": 1},{ "x": 0, "y": 1},{ "x": 1, "y": 1},{ "x": 1, "y": 0} ] },
{
  "piece": "queen", "points": 9, "first_move": true, "color": "white", "col": 4, "row": 0, "moves": [{ "x": -7, "y": 7},{ "x": -6, "y": 6},{ "x": -5, "y": 5},{ "x": -4, "y": 4},{ "x": -3, "y": 3},{ "x": -2, "y": 2},{ "x": -1, "y": 1},{ "x": 7, "y": -7},{ "x": 6, "y": -6},{ "x": 5, "y": -5},{ "x": 4, "y": -4},{ "x": 3, "y": -3},{ "x": 2, "y": -2},{ "x": 1, "y": -1},{ "x": -7, "y": -7},{ "x": -6, "y": -6},{ "x": -5, "y": -5},{ "x": -4, "y": -4},{ "x": -3, "y": -3},{ "x": -2, "y": -2},{ "x": -1, "y": -1},{ "x": 7, "y": 7},{ "x": 6, "y": 6},{ "x": 5, "y": 5},{ "x": 4, "y": 4},{ "x": 3, "y": 3},{ "x": 2, "y": 2},{ "x": 1, "y": 1},{ "x": 0, "y": -7},{ "x": 0, "y": -6},{ "x": 0, "y": -5},{ "x": 0, "y": -4},{ "x": 0, "y": -3},{ "x": 0, "y": -2},{ "x": 0, "y": -1},{ "x": 0, "y": 7},{ "x": 0, "y": 6},{ "x": 0, "y": 5},{ "x": 0, "y": 4},{ "x": 0, "y": 3},{ "x": 0, "y": 2},{ "x": 0, "y": 1},{ "x": -7, "y": 0},{ "x": -6, "y": 0},{ "x": -5, "y": 0},{ "x": -4, "y": 0},{ "x": -3, "y": 0},{ "x": -2, "y": 0},{ "x": -1, "y": 0},{ "x": 7, "y": 0},{ "x": 6, "y": 0},{ "x": 5, "y": 0},{ "x": 4, "y": 0},{ "x": 3, "y": 0},{ "x": 2, "y": 0},{ "x": 1, "y": 0} ] },
{
  "piece": "bishop", "points": 3, "first_move": true, "color": "white", "col": 2, "row": 0, "moves": [{ "x": -7, "y": 7},{ "x": -6, "y": 6},{ "x": -5, "y": 5},{ "x": -4, "y": 4},{ "x": -3, "y": 3},{ "x": -2, "y": 2},{ "x": -1, "y": 1},{ "x": 7, "y": -7},{ "x": 6, "y": -6},{ "x": 5, "y": -5},{ "x": 4, "y": -4},{ "x": 3, "y": -3},{ "x": 2, "y": -2},{ "x": 1, "y": -1},{ "x": -7, "y": -7},{ "x": -6, "y": -6},{ "x": -5, "y": -5},{ "x": -4, "y": -4},{ "x": -3, "y": -3},{ "x": -2, "y": -2},{ "x": -1, "y": -1},{ "x": 7, "y": 7},{ "x": 6, "y": 6},{ "x": 5, "y": 5},{ "x": 4, "y": 4},{ "x": 3, "y": 3},{ "x": 2, "y": 2},{ "x": 1, "y": 1} ] },
{
  "piece": "knight", "points": 3, "first_move": true, "color": "white", "col": 1, "row": 0, "moves": [{ "x": 2, "y": -1},{ "x": 1, "y": -2},{ "x": -1, "y": -2},{ "x": -2, "y": -1},{ "x": -2, "y": 1},{ "x": -1, "y": 2},{ "x": 1, "y": 2},{ "x": 2, "y": 1} ] },
{
  "piece": "rook", "points": 5, "first_move": true, "color": "white", "col": 0, "row": 0, "moves": [{ "x": 0, "y": -7},{ "x": 0, "y": -6},{ "x": 0, "y": -5},{ "x": 0, "y": -4},{ "x": 0, "y": -3},{ "x": 0, "y": -2},{ "x": 0, "y": -1},{ "x": 0, "y": 7},{ "x": 0, "y": 6},{ "x": 0, "y": 5},{ "x": 0, "y": 4},{ "x": 0, "y": 3},{ "x": 0, "y": 2},{ "x": 0, "y": 1},{ "x": -7, "y": 0},{ "x": -6, "y": 0},{ "x": -5, "y": 0},{ "x": -4, "y": 0},{ "x": -3, "y": 0},{ "x": -2, "y": 0},{ "x": -1, "y": 0},{ "x": 7, "y": 0},{ "x": 6, "y": 0},{ "x": 5, "y": 0},{ "x": 4, "y": 0},{ "x": 3, "y": 0},{ "x": 2, "y": 0},{ "x": 1, "y": 0} ] },
{
  "piece": "pawn", "points": 1, "first_move": true, "color": "black", "col": 7, "row": 6, "moves": [{ "x": 0, "y": 1} ], "attack_moves": [{ "x": -1, "y": 1},{ "x": 1, "y": 1} ], "first_moves": [{ "x": 0, "y": 2},{ "x": 0, "y": 1} ], "replace_zone": [{ "x": 7, "y": 0},{ "x": 6, "y": 0},{ "x": 5, "y": 0},{ "x": 4, "y": 0},{ "x": 3, "y": 0},{ "x": 2, "y": 0},{ "x": 1, "y": 0},{ "x": 0, "y": 0} ], "replace_with": [{ "piece": "pawn"},{ "piece": "knight"},{ "piece": "rook"},{ "piece": "bishop"},{ "piece": "queen"} ] },
{
  "piece": "pawn", "points": 1, "first_move": true, "color": "black", "col": 6, "row": 6, "moves": [{ "x": 0, "y": 1} ], "attack_moves": [{ "x": -1, "y": 1},{ "x": 1, "y": 1} ], "first_moves": [{ "x": 0, "y": 2},{ "x": 0, "y": 1} ], "replace_zone": [{ "x": 7, "y": 0},{ "x": 6, "y": 0},{ "x": 5, "y": 0},{ "x": 4, "y": 0},{ "x": 3, "y": 0},{ "x": 2, "y": 0},{ "x": 1, "y": 0},{ "x": 0, "y": 0} ], "replace_with": [{ "piece": "pawn"},{ "piece": "knight"},{ "piece": "rook"},{ "piece": "bishop"},{ "piece": "queen"} ] },
{
  "piece": "pawn", "points": 1, "first_move": true, "color": "black", "col": 5, "row": 6, "moves": [{ "x": 0, "y": 1} ], "attack_moves": [{ "x": -1, "y": 1},{ "x": 1, "y": 1} ], "first_moves": [{ "x": 0, "y": 2},{ "x": 0, "y": 1} ], "replace_zone": [{ "x": 7, "y": 0},{ "x": 6, "y": 0},{ "x": 5, "y": 0},{ "x": 4, "y": 0},{ "x": 3, "y": 0},{ "x": 2, "y": 0},{ "x": 1, "y": 0},{ "x": 0, "y": 0} ], "replace_with": [{ "piece": "pawn"},{ "piece": "knight"},{ "piece": "rook"},{ "piece": "bishop"},{ "piece": "queen"} ] },
{
  "piece": "pawn", "points": 1, "first_move": true, "color": "black", "col": 4, "row": 6, "moves": [{ "x": 0, "y": 1} ], "attack_moves": [{ "x": -1, "y": 1},{ "x": 1, "y": 1} ], "first_moves": [{ "x": 0, "y": 2},{ "x": 0, "y": 1} ], "replace_zone": [{ "x": 7, "y": 0},{ "x": 6, "y": 0},{ "x": 5, "y": 0},{ "x": 4, "y": 0},{ "x": 3, "y": 0},{ "x": 2, "y": 0},{ "x": 1, "y": 0},{ "x": 0, "y": 0} ], "replace_with": [{ "piece": "pawn"},{ "piece": "knight"},{ "piece": "rook"},{ "piece": "bishop"},{ "piece": "queen"} ] },
{
  "piece": "pawn", "points": 1, "first_move": true, "color": "black", "col": 3, "row": 6, "moves": [{ "x": 0, "y": 1} ], "attack_moves": [{ "x": -1, "y": 1},{ "x": 1, "y": 1} ], "first_moves": [{ "x": 0, "y": 2},{ "x": 0, "y": 1} ], "replace_zone": [{ "x": 7, "y": 0},{ "x": 6, "y": 0},{ "x": 5, "y": 0},{ "x": 4, "y": 0},{ "x": 3, "y": 0},{ "x": 2, "y": 0},{ "x": 1, "y": 0},{ "x": 0, "y": 0} ], "replace_with": [{ "piece": "pawn"},{ "piece": "knight"},{ "piece": "rook"},{ "piece": "bishop"},{ "piece": "queen"} ] },
{
  "piece": "pawn", "points": 1, "first_move": true, "color": "black", "col": 2, "row": 6, "moves": [{ "x": 0, "y": 1} ], "attack_moves": [{ "x": -1, "y": 1},{ "x": 1, "y": 1} ], "first_moves": [{ "x": 0, "y": 2},{ "x": 0, "y": 1} ], "replace_zone": [{ "x": 7, "y": 0},{ "x": 6, "y": 0},{ "x": 5, "y": 0},{ "x": 4, "y": 0},{ "x": 3, "y": 0},{ "x": 2, "y": 0},{ "x": 1, "y": 0},{ "x": 0, "y": 0} ], "replace_with": [{ "piece": "pawn"},{ "piece": "knight"},{ "piece": "rook"},{ "piece": "bishop"},{ "piece": "queen"} ] },
{
  "piece": "pawn", "points": 1, "first_move": true, "color": "black", "col": 1, "row": 6, "moves": [{ "x": 0, "y": 1} ], "attack_moves": [{ "x": -1, "y": 1},{ "x": 1, "y": 1} ], "first_moves": [{ "x": 0, "y": 2},{ "x": 0, "y": 1} ], "replace_zone": [{ "x": 7, "y": 0},{ "x": 6, "y": 0},{ "x": 5, "y": 0},{ "x": 4, "y": 0},{ "x": 3, "y": 0},{ "x": 2, "y": 0},{ "x": 1, "y": 0},{ "x": 0, "y": 0} ], "replace_with": [{ "piece": "pawn"},{ "piece": "knight"},{ "piece": "rook"},{ "piece": "bishop"},{ "piece": "queen"} ] },
{
  "piece": "pawn", "points": 1, "first_move": true, "color": "black", "col": 0, "row": 6, "moves": [{ "x": 0, "y": 1} ], "attack_moves": [{ "x": -1, "y": 1},{ "x": 1, "y": 1} ], "first_moves": [{ "x": 0, "y": 2},{ "x": 0, "y": 1} ], "replace_zone": [{ "x": 7, "y": 0},{ "x": 6, "y": 0},{ "x": 5, "y": 0},{ "x": 4, "y": 0},{ "x": 3, "y": 0},{ "x": 2, "y": 0},{ "x": 1, "y": 0},{ "x": 0, "y": 0} ], "replace_with": [{ "piece": "pawn"},{ "piece": "knight"},{ "piece": "rook"},{ "piece": "bishop"},{ "piece": "queen"} ] },
{
  "piece": "rook", "points": 5, "first_move": true, "color": "black", "col": 7, "row": 7, "moves": [{ "x": 0, "y": -7},{ "x": 0, "y": -6},{ "x": 0, "y": -5},{ "x": 0, "y": -4},{ "x": 0, "y": -3},{ "x": 0, "y": -2},{ "x": 0, "y": -1},{ "x": 0, "y": 7},{ "x": 0, "y": 6},{ "x": 0, "y": 5},{ "x": 0, "y": 4},{ "x": 0, "y": 3},{ "x": 0, "y": 2},{ "x": 0, "y": 1},{ "x": -7, "y": 0},{ "x": -6, "y": 0},{ "x": -5, "y": 0},{ "x": -4, "y": 0},{ "x": -3, "y": 0},{ "x": -2, "y": 0},{ "x": -1, "y": 0},{ "x": 7, "y": 0},{ "x": 6, "y": 0},{ "x": 5, "y": 0},{ "x": 4, "y": 0},{ "x": 3, "y": 0},{ "x": 2, "y": 0},{ "x": 1, "y": 0} ] },
{
  "piece": "knight", "points": 3, "first_move": true, "color": "black", "col": 6, "row": 7, "moves": [{ "x": 2, "y": -1},{ "x": 1, "y": -2},{ "x": -1, "y": -2},{ "x": -2, "y": -1},{ "x": -2, "y": 1},{ "x": -1, "y": 2},{ "x": 1, "y": 2},{ "x": 2, "y": 1} ] },
{
  "piece": "bishop", "points": 3, "first_move": true, "color": "black", "col": 5, "row": 7, "moves": [{ "x": -7, "y": 7},{ "x": -6, "y": 6},{ "x": -5, "y": 5},{ "x": -4, "y": 4},{ "x": -3, "y": 3},{ "x": -2, "y": 2},{ "x": -1, "y": 1},{ "x": 7, "y": -7},{ "x": 6, "y": -6},{ "x": 5, "y": -5},{ "x": 4, "y": -4},{ "x": 3, "y": -3},{ "x": 2, "y": -2},{ "x": 1, "y": -1},{ "x": -7, "y": -7},{ "x": -6, "y": -6},{ "x": -5, "y": -5},{ "x": -4, "y": -4},{ "x": -3, "y": -3},{ "x": -2, "y": -2},{ "x": -1, "y": -1},{ "x": 7, "y": 7},{ "x": 6, "y": 6},{ "x": 5, "y": 5},{ "x": 4, "y": 4},{ "x": 3, "y": 3},{ "x": 2, "y": 2},{ "x": 1, "y": 1} ] },
{
  "piece": "king", "points": 100, "first_move": true, "color": "black", "col": 3, "row": 7, "moves": [{ "x": 1, "y": -1},{ "x": 0, "y": -1},{ "x": -1, "y": -1},{ "x": -1, "y": 0},{ "x": -1, "y": 1},{ "x": 0, "y": 1},{ "x": 1, "y": 1},{ "x": 1, "y": 0} ] },
{
  "piece": "queen", "points": 9, "first_move": true, "color": "black", "col": 4, "row": 7, "moves": [{ "x": -7, "y": 7},{ "x": -6, "y": 6},{ "x": -5, "y": 5},{ "x": -4, "y": 4},{ "x": -3, "y": 3},{ "x": -2, "y": 2},{ "x": -1, "y": 1},{ "x": 7, "y": -7},{ "x": 6, "y": -6},{ "x": 5, "y": -5},{ "x": 4, "y": -4},{ "x": 3, "y": -3},{ "x": 2, "y": -2},{ "x": 1, "y": -1},{ "x": -7, "y": -7},{ "x": -6, "y": -6},{ "x": -5, "y": -5},{ "x": -4, "y": -4},{ "x": -3, "y": -3},{ "x": -2, "y": -2},{ "x": -1, "y": -1},{ "x": 7, "y": 7},{ "x": 6, "y": 6},{ "x": 5, "y": 5},{ "x": 4, "y": 4},{ "x": 3, "y": 3},{ "x": 2, "y": 2},{ "x": 1, "y": 1},{ "x": 0, "y": -7},{ "x": 0, "y": -6},{ "x": 0, "y": -5},{ "x": 0, "y": -4},{ "x": 0, "y": -3},{ "x": 0, "y": -2},{ "x": 0, "y": -1},{ "x": 0, "y": 7},{ "x": 0, "y": 6},{ "x": 0, "y": 5},{ "x": 0, "y": 4},{ "x": 0, "y": 3},{ "x": 0, "y": 2},{ "x": 0, "y": 1},{ "x": -7, "y": 0},{ "x": -6, "y": 0},{ "x": -5, "y": 0},{ "x": -4, "y": 0},{ "x": -3, "y": 0},{ "x": -2, "y": 0},{ "x": -1, "y": 0},{ "x": 7, "y": 0},{ "x": 6, "y": 0},{ "x": 5, "y": 0},{ "x": 4, "y": 0},{ "x": 3, "y": 0},{ "x": 2, "y": 0},{ "x": 1, "y": 0} ] },
{
  "piece": "bishop", "points": 3, "first_move": true, "color": "black", "col": 2, "row": 7, "moves": [{ "x": -7, "y": 7},{ "x": -6, "y": 6},{ "x": -5, "y": 5},{ "x": -4, "y": 4},{ "x": -3, "y": 3},{ "x": -2, "y": 2},{ "x": -1, "y": 1},{ "x": 7, "y": -7},{ "x": 6, "y": -6},{ "x": 5, "y": -5},{ "x": 4, "y": -4},{ "x": 3, "y": -3},{ "x": 2, "y": -2},{ "x": 1, "y": -1},{ "x": -7, "y": -7},{ "x": -6, "y": -6},{ "x": -5, "y": -5},{ "x": -4, "y": -4},{ "x": -3, "y": -3},{ "x": -2, "y": -2},{ "x": -1, "y": -1},{ "x": 7, "y": 7},{ "x": 6, "y": 6},{ "x": 5, "y": 5},{ "x": 4, "y": 4},{ "x": 3, "y": 3},{ "x": 2, "y": 2},{ "x": 1, "y": 1} ] },
{
  "piece": "knight", "points": 3, "first_move": true, "color": "black", "col": 1, "row": 7, "moves": [{ "x": 2, "y": -1},{ "x": 1, "y": -2},{ "x": -1, "y": -2},{ "x": -2, "y": -1},{ "x": -2, "y": 1},{ "x": -1, "y": 2},{ "x": 1, "y": 2},{ "x": 2, "y": 1} ] },
{
  "piece": "rook", "points": 5, "first_move": true, "color": "black", "col": 0, "row": 7, "moves": [{ "x": 0, "y": -7},{ "x": 0, "y": -6},{ "x": 0, "y": -5},{ "x": 0, "y": -4},{ "x": 0, "y": -3},{ "x": 0, "y": -2},{ "x": 0, "y": -1},{ "x": 0, "y": 7},{ "x": 0, "y": 6},{ "x": 0, "y": 5},{ "x": 0, "y": 4},{ "x": 0, "y": 3},{ "x": 0, "y": 2},{ "x": 0, "y": 1},{ "x": -7, "y": 0},{ "x": -6, "y": 0},{ "x": -5, "y": 0},{ "x": -4, "y": 0},{ "x": -3, "y": 0},{ "x": -2, "y": 0},{ "x": -1, "y": 0},{ "x": 7, "y": 0},{ "x": 6, "y": 0},{ "x": 5, "y": 0},{ "x": 4, "y": 0},{ "x": 3, "y": 0},{ "x": 2, "y": 0},{ "x": 1, "y": 0} ] } ], "size": 8, "turn": "black", "rules": [ 
{
  "rule": "check"
  },
{
  "rule": "castle"
  },
{
  "rule": "en passant"
  }]}